type,name,level,floor_tier,hp,dmg,mana_cost,drop_chance,notes
Normal,Rat,1,,5000,0,0,99%,
Normal,Skeleton,1,,100,15,0,99%,
Normal,Zombie,1,,100,20,0,99%,
Normal,Zombie Villager,1,,120,24,0,99%,
Normal,Skeleton,2,,115,17,0,98%,
Normal,Skeleton,2,,130,18,0,98%,
Normal,Zombie,2,,115,23,0,98%,
Normal,Zombie,2,,130,24,0,98%,
Normal,Zombie Villager,2,,130,24,0,98%,
Normal,Gravel Skeleton,2,,100,35,1,98%,
Normal,Werewolf,2,,250,60,1,98%,
Normal,Skeleton,3,,132,19,0,97%,
Normal,Skeleton,3,,170,22,0,97%,
Normal,Zombie,3,,132,26,1,97%,
Normal,Zombie,3,,170,29,1,97%,
Normal,Zombie Villager,3,,170,29,1,97%,
Normal,Jockey Skeleton,3,,250,40,1,97%,
Normal,Skeleton,4,,152,22,0,96%,
Normal,Skeleton,4,,220,26,1,96%,
Normal,Zombie,4,,152,29,1,96%,
Normal,Zombie,4,,220,35,1,96%,
Normal,Zombie Villager,4,,220,35,1,96%,
Normal,Sea Walker,4,,1500,60,1,96%,
Normal,Zombie,5,,100,10,0,95%,
Normal,Fireslinger,5,,200,20,0,95%,
Normal,Weakling,5,,200,20,0,95%,
Normal,Skeleton,5,,174,24,0,95%,
Normal,Skeleton,5,,285,31,1,95%,
Normal,Zombie,5,,174,33,1,95%,
Normal,Zombie,5,,285,41,1,95%,
Normal,Zombie Villager,5,,285,41,1,95%,
Normal,Jockey Skeleton,5,,300,50,1,95%,
Normal,Skeleton,6,,201,28,1,94%,
Normal,Zombie,6,,201,37,1,94%,
Normal,Skeleton,6,,370,37,1,94%,
Normal,Skeleton,6,,200,50,1,94%,
Normal,Zombie,6,,370,50,1,94%,
Normal,Zombie Villager,6,,370,50,1,94%,
Normal,Nurse Shark,6,,2500,80,2,94%,
Normal,Skeleton,7,,231,31,1,93%,
Normal,Zombie,7,,231,42,1,93%,
Normal,Skeleton,7,,480,45,1,93%,
Normal,Lapis Zombie,7,,200,50,1,93%,
Normal,Zombie,7,,480,60,1,93%,
Normal,Zombie Villager,7,,480,60,1,93%,
Normal,Frozen Steve,7,,1500,80,2,93%,
Normal,Skeleton,8,,266,35,1,92%,
Normal,Zombie,8,,266,47,1,92%,
Normal,Skeleton,8,,625,54,1,92%,
Normal,Zombie,8,,625,72,1,92%,
Normal,Zombie Villager,8,,625,72,1,92%,
Normal,Skeleton,9,,305,40,1,91%,
Normal,Zombie,9,,305,53,1,91%,
Normal,Skeleton,9,,810,64,1,91%,
Normal,Zombie,9,,810,86,2,91%,
Normal,Zombie Villager,9,,810,86,2,91%,
Normal,Scarecrow,9,,4500,150,3,91%,
Normal,Skeleton,10,,351,45,1,90%,
Normal,Zombie,10,,351,60,1,90%,
Normal,Skeleton,10,,1050,77,2,90%,
Normal,Zombie,10,,1050,103,2,90%,
Normal,Zombie Villager,10,,1050,103,2,90%,
Normal,Wither Skeleton,10,,250,160,3,90%,
Normal,Skeleton,11,,404,51,1,89%,
Normal,Zombie,11,,404,68,1,89%,
Normal,Skeleton,11,,1360,93,2,89%,
Normal,Zombie,11,,1360,124,2,89%,
Normal,Zombie Villager,11,,1360,124,2,89%,
Normal,Skeleton,12,,465,58,1,88%,
Normal,Zombie,12,,465,77,2,88%,
Normal,Skeleton,12,,1800,111,2,88%,
Normal,Zombie,12,,1800,149,3,88%,
Normal,Zombie Villager,12,,1800,149,3,88%,
Normal,Skeleton,13,,535,65,1,87%,
Normal,Zombie,13,,535,87,2,87%,
Normal,Skeleton,13,,2300,134,3,87%,
Normal,Zombie,13,,2300,178,4,87%,
Normal,Zombie Villager,13,,2300,178,4,87%,
Normal,Skeleton,14,,615,73,1,86%,
Normal,Zombie,14,,615,98,2,86%,
Normal,Skeleton,14,,3000,160,3,86%,
Normal,Crypt Ghoul,14,,3000,214,4,86%,
Normal,Zombie Villager,14,,3000,214,4,86%,
Normal,Minos Hunter,15,,2000,30,1,85%,
Normal,Skeleton,15,,707,83,2,85%,
Normal,Liquid Hot Magma,15,,20,100,2,85%,
Normal,Zombie,15,,707,111,2,85%,
Normal,Sea Archer,15,,7000,140,3,85%,
Normal,Miner Skeleton,15,,250,150,3,85%,
Normal,Skeleton,15,,3900,193,4,85%,
Normal,Miner Zombie,15,,250,200,4,85%,
Normal,Crypt Ghoul,15,,3900,257,5,85%,
Normal,Zombie Villager,15,,3900,257,5,85%,
Normal,Skeleton,16,,5000,231,5,84%,
Normal,Crypt Ghoul,16,,5000,308,6,84%,
Normal,Zombie Villager,16,,5000,308,6,84%,
Normal,Skeleton,17,,6500,277,6,83%,
Normal,Crypt Ghoul,17,,6500,370,7,83%,
Normal,Zombie Villager,17,,6500,370,7,83%,
Normal,Skeleton,18,,8500,333,7,82%,
Normal,Crypt Ghoul,18,,8500,444,9,82%,
Normal,Zombie Villager,18,,8500,444,9,82%,
Normal,Skeleton,19,,11000,399,8,81%,
Normal,Crypt Ghoul,19,,11000,532,11,81%,
Normal,Zombie Villager,19,,11000,532,11,81%,
Normal,Blue Shark,20,,25000,150,3,80%,
Normal,Miner Skeleton,20,,300,200,4,80%,
Normal,Rider of the Deep,20,,20000,225,5,80%,"Obtained by killing the Zombie, not the Chicken."
Normal,Miner Zombie,20,,300,250,5,80%,
Normal,Skeleton,20,,14300,479,10,80%,
Normal,Crypt Ghoul,20,,14300,639,13,80%,
Normal,Zombie Villager,20,,14300,639,13,80%,
Normal,Grinch,21,,10,1,0,79%,
Normal,Skeleton,21,,18500,575,12,79%,
Normal,Crypt Ghoul,21,,18500,767,15,79%,
Normal,Zombie Villager,21,,18500,767,15,79%,
Normal,Skeleton,22,,24000,690,14,78%,
Normal,Crypt Ghoul,22,,24000,920,18,78%,
Normal,Zombie Villager,22,,24000,920,18,78%,
Normal,Skeleton,23,,31000,828,17,77%,
Normal,Crypt Ghoul,23,,31000,1104,22,77%,
Normal,Zombie Villager,23,,31000,1104,22,77%,
Normal,Skeleton,24,,40000,994,20,76%,
Normal,Golden Ghoul,24,,37000,1104,22,76%,
Normal,Zombie Villager,24,,37000,1104,22,76%,
Normal,Fireslinger,25,,800,300,6,75%,
Normal,Goblin,25,,800,300,6,75%,
Normal,Knifethrower,25,,800,300,6,75%,
Normal,Skeleton,25,,52000,1192,25,75%,
Normal,Golden Ghoul,25,,40000,1325,27,75%,
Normal,Zombie Villager,25,,40000,1325,27,75%,
Normal,Witch's Bat,30,,1,50,1,70%,
Normal,Trick or Treater,30,,10,50,1,70%,
Normal,Scary Jerry,30,,12,50,1,70%,
Normal,Crypt Ghoul,30,,2000,350,7,70%,
Normal,Phantom Spirit,35,,10,50,1,65%,
Normal,Wither Gourd,40,,11,50,1,60%,
Normal,Goblin,40,,12000,400,8,60%,
Normal,Revenant,40,,10000,500,10,60%,
Normal,Fireslinger,40,,14000,500,10,60%,
Normal,Worm,42,,5,400,8,58%,
Normal,Jockey Skeleton,42,,4000,550,11,58%,
Normal,Minotaur,45,,60000,200,5,55%,
Normal,Ice Walker,45,,888,500,10,55%,
Normal,Wraith,50,,15,50,1,50%,
Normal,Exe,50,,100,100,2,50%,
Normal,Golden Goblin,50,,3,250,5,50%,
Normal,Werewolf,50,,50000,250,6,50%,
Normal,Grunt,50,,15000,300,6,50%,Cannot summon Silvo.
Normal,Tiger Shark,50,,250000,300,9,50%,
Normal,Star Sentry,50,,10,400,8,50%,
Normal,Knifethrower,50,,14000,500,10,50%,
Normal,Goon,50,,100000,1000,21,50%,
Normal,Summoned Skull,50,,200000,1000,22,50%,
Normal,Scatha,50,,10,2500,50,50%,
Normal,Nutcracker,50,,4000000,4000,120,50%,
Normal,Obsidian Defender,55,,10000,200,4,45%,
Normal,Watcher,55,,9500,500,10,45%,
Normal,Pitfighter,60,,30000,20,0,40%,
Normal,Golden Ghoul,60,,45000,800,16,40%,
Normal,Stalwart Minos Hunter,60,,100000,850,18,40%,
Normal,Treasure Hoarder,70,,22000,750,15,30%,
Normal,Pitfighter,70,,70000,800,17,30%,
Normal,Wither Skeleton,70,,1000000,3000,70,30%,
Normal,Wither Spectre,70,,1000000,3000,70,30%,
Normal,Fire Mage,75,,2000000,3000,80,25%,
Normal,Barbarian,75,,2000000,3500,90,25%,
Normal,Krondor Necromancer Summon,75,,1000000,10000,210,25%,
Normal,Goliath Barbarian,80,,5000000,4000,130,20%,
Normal,Krondor Necromancer,80,,5000000,4000,130,20%,
Normal,Creeperlobber,90,,30000,10,0,10%,
Normal,Butterfly,100,,100,100,2,1%,
Normal,Key Guardian,100,,1000000,100,12,1%,
Normal,Water Hydra,100,,500000,400,13,1%,
Normal,Executive Sebastian,100,,13000,450,9,1%,Cannot summon Belle.
Normal,Executive Viper,100,,13000,450,9,1%,Cannot summon Viper.
Normal,Executive Wendy,100,,13000,450,9,1%,Cannot summon Cavitak.
Normal,Goblin Flamethrower,100,,20000,500,10,1%,
Normal,Creeperlobber,100,,60000,700,15,1%,
Normal,Automaton,100,,15000,1000,20,1%,"Cannot fire lasers, but can deal melee damage."
Normal,Hellwisp,100,,5000000,1000,70,1%,
Normal,Summoned Skull,100,,500000,2000,45,1%,
Normal,Dante,100,,1000000000,6000,10120,1%,
Normal,Dante (Slime),100,,2147483647,6000,21595,1%,
Normal,Matcho,100,,2000000,7000,160,1%,
Normal,Chickzilla,100,,50000000,12000,740,1%,
Normal,Kalhuiki Youngling,100,,1000000,20000,410,1%,
Normal,Kalhuiki Elder,100,,1000000000,800000,26000,1%,
Normal,Kalhuiki Tribe Member,100,,1000000000,800000,26000,1%,
Normal,Stalwart Minotaur,120,,625000,200,10,1%,
Normal,Exalted Minos Hunter,125,,500000,2700,59,1%,
Normal,Murderlover,150,,50000,50,2,1%,
Normal,Automaton,150,,20000,1000,20,1%,"Cannot fire lasers, but can deal melee damage."
Normal,Zombie Miner,150,,2000000,1300,46,1%,
Normal,Phantom Fisher,160,,1000000,1000,30,1%,
Normal,Stalwart Minos Champion,175,,2000000,1000,40,1%,
Normal,Yeti,175,,2000000,1000,40,1%,
Normal,Great White Shark,180,,1500000,750,30,1%,Cannot throw teeth.
Normal,Grim Reaper,190,,3000000,2100,72,1%,
Normal,Barbarian Guard,200,,50000000,20000,900,1%,
Normal,Mage Guard,200,,50000000,20000,900,1%,
Normal,Barbarian Duke X,200,,70000000,4500,790,1%,
Normal,Bladesoul,200,,50000000,4000,580,1%,
Normal,Mage Outlaw,200,,70000000,4500,790,1%,
Normal,Murderlover,200,,80000,800,17,1%,
Normal,Boss Corleone,200,,1000000,4000,90,1%,Cannot summon Smog.
Normal,Wither Guard,200,,5000000,4000,130,1%,
Normal,Exalted Minotaur,210,,2500000,650,38,1%,
Normal,Fire Eel,240,,4000000,12000,280,1%,
Normal,Exalted Minos Champion,310,,12000000,3800,196,1%,
Normal,Thunder,400,,35000000,5000,450,1%,
Normal,Exalted Minos Inquisitor,750,,40000000,850,417,1%,
Catacombs,The Watcher,1,Normal Mode,3000,40,1,99%,
Catacombs,Thorn,1,IV,300000,40,4,99%,
Catacombs,The Watcher,1,Master Mode,9000,150,3,99%,
Catacombs,Thorn,1,IV (Master),900000,150,12,99%,
Catacombs,Undead (The Watcher),1,Entrance,14000,1080,22,99%,
Catacombs,Bonzo,1,I,250000,2960,62,99%,Cannot fire balloons.
Catacombs,Scarf,1,II,1000000,3840,87,99%,"Cannot use any abilities, including soul sand blizzard, wither barrage, etc.."
Catacombs,The Professor,1,III,3000000,6640,163,99%,
Catacombs,Livid,1,V,7000000,10400,278,99%,Cannot use abilities.
Catacombs,Sadan,1,VI,40000000,34400,1088,99%,
Catacombs,Undead (Bonzo),1,I (Master),20000000,40000,1000,99%,
Catacombs,Undead Priest,1,II,90000000,45000,1800,99%,
Catacombs,Rogue Guardian,1,III,20000000,50000,1200,99%,
Catacombs,Bonzo,1,I (Master),200000000,50000,3000,99%,Cannot fire balloons.
Catacombs,Undead (The Watcher),1,I (Master),750000,54000,1088,99%,
Catacombs,Undead Mage,1,II (Master),60000000,57000,1740,99%,
Catacombs,Chaos Guardian,1,III,120000000,60000,2400,99%,
Catacombs,Undead Archer,1,II (Master),60000000,64500,1890,99%,
Catacombs,Undead Warrior,1,II (Master),75000000,67500,2100,99%,
Catacombs,Spirit Bat,1,IV,1250000,70000,1413,99%,
Catacombs,Healthy Guardian,1,III,120000000,90000,3000,99%,
Catacombs,Laser Guardian,1,III,120000000,90000,3000,99%,
Catacombs,Reinforced Guardian,1,III,140000000,90000,3200,99%,
Catacombs,Scarf,1,II (Master),375000000,90000,5550,99%,"Cannot use any abilities, including soul sand blizzard, wither barrage, etc.."
Catacombs,The Professor,1,III (Master),600000000,150000,9000,99%,
Catacombs,Terracotta,1,VI (Master),250000000,190000,6300,99%,
Catacombs,Livid,1,V (Master),600000000,240000,10800,99%,Cannot use abilities.
Catacombs,Sadan,1,VI (Master),800000000,800000,24000,99%,
Catacombs,The Diamond Giant,1,VI (Master),600000000,1800000,42000,99%,
Catacombs,Bigfoot,1,VI (Master),600000000,1800000,42000,99%,
Catacombs,L.A.S.R.,1,VI (Master),600000000,1800000,42000,99%,
Catacombs,Jolly Pink Giant,1,VI (Master),600000000,1800000,42000,99%,
Catacombs,Sleeping Golem,1,VI (Master),300000000,2000000,43000,99%,
Catacombs,Undead (The Watcher),2,I,17000,1600,32,98%,
Catacombs,Undead (The Watcher),2,I (Master),800000,54000,1088,98%,
Catacombs,Rogue Guardian,2,III (Master),50000000,62000,1740,98%,
Catacombs,Undead (The Watcher),3,II,32000,2600,52,97%,
Catacombs,Bonzo (The Watcher),3,III,295000,3200,67,97%,
Catacombs,Bonzo (The Watcher),3,III (Master),45000000,60000,1650,97%,
Catacombs,Undead (The Watcher),3,II (Master),900000,63000,1269,97%,
Catacombs,Undead (The Watcher),4,III,41000,2880,58,96%,
Catacombs,Bonzo (The Watcher),4,IV,1000000,5600,122,96%,
Catacombs,Scarf (The Watcher),4,IV,1000000,5600,122,96%,
Catacombs,Undead (The Watcher),4,III (Master),1000000,72000,1450,96%,
Catacombs,Bonzo (The Watcher),4,IV (Master),60000000,75000,2100,96%,
Catacombs,Scarf (The Watcher),4,IV (Master),66000000,75000,2160,96%,
Catacombs,Undead (The Watcher),5,IV,60000,3600,73,95%,
Catacombs,Bonzo (The Watcher),5,V,3000000,6800,166,95%,
Catacombs,Scarf (The Watcher),5,V,3000000,6800,166,95%,
Catacombs,Undead (The Watcher),5,IV (Master),1500000,81000,1635,95%,
Catacombs,Bonzo (The Watcher),5,V (Master),90000000,90000,2700,95%,
Catacombs,Scarf (The Watcher),5,V (Master),99000000,90000,2790,95%,
Catacombs,Undead (The Watcher),6,V,60000,4400,89,94%,
Catacombs,Bonzo (The Watcher),6,VI,6000000,8800,236,94%,
Catacombs,Livid (The Watcher),6,VI,6000000,8800,236,94%,
Catacombs,Scarf (The Watcher),6,VI,6000000,8800,236,94%,
Catacombs,Undead (The Watcher),6,V (Master),2000000,90000,1820,94%,
Catacombs,Bonzo (The Watcher),6,VI (Master),120000000,105000,3300,94%,
Catacombs,Scarf (The Watcher),6,VI (Master),132000000,105000,3420,94%,
Catacombs,Livid (The Watcher),6,VI (Master),150000000,105000,3600,94%,
Catacombs,Undead (The Watcher),7,VI,75000,6400,129,93%,
Catacombs,Bonzo (The Watcher),7,VII,10000000,12000,340,93%,
Catacombs,Livid (The Watcher),7,VII,10000000,12000,340,93%,
Catacombs,Scarf (The Watcher),7,VII,10000000,12000,340,93%,
Catacombs,The Diamond Giant (The Watcher),7,VII,15000000,12800,406,93%,
Catacombs,Bigfoot (The Watcher),7,VII,15000000,12800,406,93%,
Catacombs,L.A.S.R. (The Watcher),7,VII,15000000,12800,406,93%,
Catacombs,Jolly Pink Giant (The Watcher),7,VII,15000000,12800,406,93%,
Catacombs,Undead (The Watcher),7,VI (Master),3000000,99000,2010,93%,
Catacombs,Scarf (The Watcher),7,VII (Master),165000000,120000,4050,93%,
Catacombs,Livid (The Watcher),7,VII (Master),180000000,120000,4200,93%,
Catacombs,Bonzo (The Watcher),7,VII (Master),300000000,120000,5400,93%,
Catacombs,The Diamond Giant (The Watcher),7,VII (Master),400000000,135000,6700,93%,
Catacombs,Bigfoot (The Watcher),7,VII (Master),400000000,135000,6700,93%,
Catacombs,L.A.S.R. (The Watcher),7,VII (Master),400000000,135000,6700,93%,
Catacombs,Jolly Pink Giant (The Watcher),7,VII (Master),400000000,135000,6700,93%,
Catacombs,Undead (The Watcher),8,VII,250000,14400,291,92%,
Catacombs,Undead (The Watcher),8,VII (Master),6000000,108000,2220,92%,
Catacombs,AdamWho,25,Normal Mode,45000,1040,21,75%,
Catacombs,AgentK,25,Normal Mode,45000,1040,21,75%,
Catacombs,Bembo,25,Normal Mode,45000,1040,21,75%,
Catacombs,BlocksKey,25,Normal Mode,45000,1040,21,75%,
Catacombs,Bloozing,25,Normal Mode,45000,1040,21,75%,
Catacombs,Cecer,25,Normal Mode,45000,1040,21,75%,
Catacombs,Cheesey,25,Normal Mode,45000,1040,21,75%,
Catacombs,ChiLynn,25,Normal Mode,45000,1040,21,75%,
Catacombs,Crypt Undead,25,Normal Mode,45000,1040,21,75%,"Cannot pull out its bow, retains damage reduction passive."
Catacombs,DEADORKAI,25,Normal Mode,45000,1040,21,75%,
Catacombs,Dctr,25,Normal Mode,45000,1040,21,75%,
Catacombs,DistrictGecko,25,Normal Mode,45000,1040,21,75%,
Catacombs,Donpireso,25,Normal Mode,45000,1040,21,75%,
Catacombs,Dueces,25,Normal Mode,45000,1040,21,75%,
Catacombs,Externalizable,25,Normal Mode,45000,1040,21,75%,
Catacombs,JamieTheGeek,25,Normal Mode,45000,1040,21,75%,
Catacombs,Jayavarmen,25,Normal Mode,45000,1040,21,75%,
Catacombs,Judg3,25,Normal Mode,45000,1040,21,75%,
Catacombs,LadyBleu,25,Normal Mode,45000,1040,21,75%,
Catacombs,Likaos,25,Normal Mode,45000,1040,21,75%,
Catacombs,Linfoot,25,Normal Mode,45000,1040,21,75%,
Catacombs,Magicboys,25,Normal Mode,45000,1040,21,75%,
Catacombs,Minikloon,25,Normal Mode,45000,1040,21,75%,
Catacombs,MistressEldrid,25,Normal Mode,45000,1040,21,75%,
Catacombs,Nitroholic,25,Normal Mode,45000,1040,21,75%,
Catacombs,Ob111,25,Normal Mode,45000,1040,21,75%,
Catacombs,Plancke,25,Normal Mode,45000,1040,21,75%,
Catacombs,Plummel,25,Normal Mode,45000,1040,21,75%,
Catacombs,Relenter,25,Normal Mode,45000,1040,21,75%,
Catacombs,Revengeee,25,Normal Mode,45000,1040,21,75%,
Catacombs,Rezzus,25,Normal Mode,45000,1040,21,75%,
Catacombs,Sylent,25,Normal Mode,45000,1040,21,75%,
Catacombs,TheMGRF,25,Normal Mode,45000,1040,21,75%,
Catacombs,Thorlon,25,Normal Mode,45000,1040,21,75%,
Catacombs,Vinny,25,Normal Mode,45000,1040,21,75%,
Catacombs,WilliamTiger,25,Normal Mode,45000,1040,21,75%,
Catacombs,Winghide,25,Normal Mode,45000,1040,21,75%,
Catacombs,_onah,25,Normal Mode,45000,1040,21,75%,
Catacombs,aPunch,25,Normal Mode,45000,1040,21,75%,
Catacombs,codename_B,25,Normal Mode,45000,1040,21,75%,
Catacombs,falloutowns,25,Normal Mode,45000,1040,21,75%,
Catacombs,flameboy101,25,Normal Mode,45000,1040,21,75%,
Catacombs,fudgiethewhale,25,Normal Mode,45000,1040,21,75%,
Catacombs,hypixel,25,Normal Mode,45000,1040,21,75%,
Catacombs,sfarnham,25,Normal Mode,45000,1040,21,75%,
Catacombs,skyerzz,25,Normal Mode,45000,1040,21,75%,
Catacombs,Crypt Undead,25,Master Mode,800000,13000,268,75%,"Cannot pull out its bow, retains damage reduction passive."
Catacombs,AdamWho,25,Master Mode,15000000,225000,4650,75%,
Catacombs,AgentK,25,Master Mode,15000000,225000,4650,75%,
Catacombs,Bembo,25,Master Mode,15000000,225000,4650,75%,
Catacombs,BlocksKey,25,Master Mode,15000000,225000,4650,75%,
Catacombs,Bloozing,25,Master Mode,15000000,225000,4650,75%,
Catacombs,Cecer,25,Master Mode,15000000,225000,4650,75%,
Catacombs,Cheesey,25,Master Mode,15000000,225000,4650,75%,
Catacombs,ChiLynn,25,Master Mode,15000000,225000,4650,75%,
Catacombs,DEADORKAI,25,Master Mode,15000000,225000,4650,75%,
Catacombs,Dctr,25,Master Mode,15000000,225000,4650,75%,
Catacombs,DistrictGecko,25,Master Mode,15000000,225000,4650,75%,
Catacombs,Donpireso,25,Master Mode,15000000,225000,4650,75%,
Catacombs,Dueces,25,Master Mode,15000000,225000,4650,75%,
Catacombs,Externalizable,25,Master Mode,15000000,225000,4650,75%,
Catacombs,JamieTheGeek,25,Master Mode,15000000,225000,4650,75%,
Catacombs,Jayavarmen,25,Master Mode,15000000,225000,4650,75%,
Catacombs,Judg3,25,Master Mode,15000000,225000,4650,75%,
Catacombs,LadyBleu,25,Master Mode,15000000,225000,4650,75%,
Catacombs,Likaos,25,Master Mode,15000000,225000,4650,75%,
Catacombs,Linfoot,25,Master Mode,15000000,225000,4650,75%,
Catacombs,Magicboys,25,Master Mode,15000000,225000,4650,75%,
Catacombs,Minikloon,25,Master Mode,15000000,225000,4650,75%,
Catacombs,MistressEldrid,25,Master Mode,15000000,225000,4650,75%,
Catacombs,Nitroholic,25,Master Mode,15000000,225000,4650,75%,
Catacombs,Ob111,25,Master Mode,15000000,225000,4650,75%,
Catacombs,Plancke,25,Master Mode,15000000,225000,4650,75%,
Catacombs,Plummel,25,Master Mode,15000000,225000,4650,75%,
Catacombs,Relenter,25,Master Mode,15000000,225000,4650,75%,
Catacombs,Revengeee,25,Master Mode,15000000,225000,4650,75%,
Catacombs,Rezzus,25,Master Mode,15000000,225000,4650,75%,
Catacombs,Sylent,25,Master Mode,15000000,225000,4650,75%,
Catacombs,TheMGRF,25,Master Mode,15000000,225000,4650,75%,
Catacombs,Thorlon,25,Master Mode,15000000,225000,4650,75%,
Catacombs,Vinny,25,Master Mode,15000000,225000,4650,75%,
Catacombs,WilliamTiger,25,Master Mode,15000000,225000,4650,75%,
Catacombs,Winghide,25,Master Mode,15000000,225000,4650,75%,
Catacombs,_onah,25,Master Mode,15000000,225000,4650,75%,
Catacombs,aPunch,25,Master Mode,15000000,225000,4650,75%,
Catacombs,codename_B,25,Master Mode,15000000,225000,4650,75%,
Catacombs,falloutowns,25,Master Mode,15000000,225000,4650,75%,
Catacombs,flameboy101,25,Master Mode,15000000,225000,4650,75%,
Catacombs,fudgiethewhale,25,Master Mode,15000000,225000,4650,75%,
Catacombs,sfarnham,25,Master Mode,15000000,225000,4650,75%,
Catacombs,skyerzz,25,Master Mode,15000000,225000,4650,75%,
Catacombs,hypixel,25,Master Mode,75000000,750000,15750,75%,
Catacombs,Undead Skeleton,40,Entrance,25000,800,16,60%,
Catacombs,Prince Alexander,40,Normal Mode,60000,1280,27,60%,
Catacombs,Prince Bernhard,40,Normal Mode,60000,1280,27,60%,
Catacombs,Prince Christian,40,Normal Mode,60000,1280,27,60%,
Catacombs,Prince Friedrich,40,Normal Mode,60000,1280,27,60%,
Catacombs,Prince Marius,40,Normal Mode,60000,1280,27,60%,
Catacombs,Prince Nicholas,40,Normal Mode,60000,1280,27,60%,
Catacombs,Prince Pieter,40,Normal Mode,60000,1280,27,60%,
Catacombs,Prince Valentin,40,Normal Mode,60000,1280,27,60%,
Catacombs,Prince Alexander,40,Master Mode,1000000,16000,330,60%,
Catacombs,Prince Bernhard,40,Master Mode,1000000,16000,330,60%,
Catacombs,Prince Christian,40,Master Mode,1000000,16000,330,60%,
Catacombs,Prince Friedrich,40,Master Mode,1000000,16000,330,60%,
Catacombs,Prince Marius,40,Master Mode,1000000,16000,330,60%,
Catacombs,Prince Nicholas,40,Master Mode,1000000,16000,330,60%,
Catacombs,Prince Pieter,40,Master Mode,1000000,16000,330,60%,
Catacombs,Prince Valentin,40,Master Mode,1000000,16000,330,60%,
Catacombs,Crypt Lurker,41,Entrance,12000,520,10,59%,Cannot throw bones.
Catacombs,Scared Skeleton,42,Entrance,19000,360,7,58%,
Catacombs,Sniper,43,Entrance,13000,800,16,57%,
Catacombs,Tank Zombie,40,Entrance,1500,320,6,60%,
Catacombs,Zombie Grunt,40,Entrance,22000,320,6,60%,
Catacombs,Skeleton Grunt,40,Entrance,18000,360,7,60%,
Catacombs,Crypt Souleater,45,Entrance,18000,520,10,55%,Does not fire wither skulls from its bow.
Catacombs,Crypt Dreadlord,47,Entrance,19000,520,10,53%,Cannot fire wither skulls.
Catacombs,Tank Zombie,60,I,2500,464,9,40%,
Catacombs,Skeleton Grunt,60,I,26000,544,11,40%,
Catacombs,Zombie Grunt,60,I,36000,544,11,40%,
Catacombs,Undead Skeleton,60,I,50000,1280,27,40%,
Catacombs,Tank Zombie,60,I (Master),60000,11000,221,40%,
Catacombs,Zombie Grunt,60,I (Master),1600000,14000,296,40%,
Catacombs,Skeleton Grunt,60,I (Master),1300000,16000,333,40%,
Catacombs,Undead Skeleton,60,I (Master),4500000,60000,1245,40%,
Catacombs,Crypt Lurker,61,I,19000,920,18,39%,Cannot throw bones.
Catacombs,Crypt Lurker,61,I (Master),850000,15000,309,39%,Cannot throw bones.
Catacombs,Scared Skeleton,62,I,26000,544,11,38%,
Catacombs,Scared Skeleton,60,I (Master),1800000,17000,358,38%,
Catacombs,Sniper,63,I,18000,1280,26,37%,
Catacombs,Sniper,63,I (Master),3600000,60000,1236,37%,
Catacombs,Crypt Souleater,65,I,28000,800,16,35%,Does not fire wither skulls from its bow.
Catacombs,Crypt Souleater,65,I (Master),1100000,15000,311,35%,Does not fire wither skulls from its bow.
Catacombs,Skeleton Soldier,66,I,31000,720,14,34%,
Catacombs,Skeleton Soldier,66,I (Master),1600000,18000,376,34%,
Catacombs,Crypt Dreadlord,67,I,32000,760,15,33%,Cannot fire wither skulls.
Catacombs,Crypt Dreadlord,67,I (Master),1050000,16000,331,33%,Cannot fire wither skulls.
Catacombs,Tank Zombie,70,II,4500,760,15,30%,
Catacombs,Zombie Grunt,70,II,62000,832,18,30%,
Catacombs,Skeleton Grunt,70,II,39000,840,17,30%,
Catacombs,Undead Skeleton,70,II,100000,1600,33,30%,
Catacombs,Tank Zombie,70,II (Master),105000,18000,361,30%,
Catacombs,Zombie Grunt,70,II (Master),3000000,24000,510,30%,
Catacombs,Skeleton Grunt,70,II (Master),2400000,27000,564,30%,
Catacombs,Undead Skeleton,70,II (Master),5400000,69000,1434,30%,
Catacombs,Crypt Lurker,71,II,26000,1200,24,29%,Cannot throw bones.
Catacombs,Crypt Lurker,71,II (Master),1500000,24750,510,29%,Cannot throw bones.
Catacombs,Scared Skeleton,72,II,44000,848,17,28%,
Catacombs,Scared Skeleton,70,II (Master),3300000,30000,633,28%,
Catacombs,Sniper,73,II,28000,2000,40,27%,
Catacombs,Sniper,73,II (Master),5700000,97500,2007,27%,
Catacombs,Crypt Souleater,75,II,48000,1220,24,25%,Does not fire wither skulls from its bow.
Catacombs,Crypt Souleater,75,II (Master),2100000,26250,546,25%,Does not fire wither skulls from its bow.
Catacombs,Skeleton Soldier,76,II,57000,1120,23,24%,
Catacombs,Skeleton Soldier,76,II (Master),3000000,30000,630,24%,
Catacombs,Crypt Dreadlord,77,II,65000,1120,23,23%,Cannot fire wither skulls.
Catacombs,Crypt Dreadlord,77,II (Master),2025000,27750,575,23%,Cannot fire wither skulls.
Catacombs,Skeleton Master,78,II,59000,2625,54,22%,Cannot fire wither skulls.
Catacombs,Skeleton Master,78,II (Master),3450000,45000,935,22%,Cannot fire wither skulls.
Catacombs,Angry Archaeologist,80,Entrance,9500,320,6,20%,"Cannot pull out its bow, use its sword ability, or heal up once low on health."
Catacombs,Lost Adventurer (Young),80,Entrance,60000,360,8,20%,"Cannot pull out its bow, use its sword ability, or heal up once low on health."
Catacombs,Tank Zombie,80,III,8000,1320,26,20%,
Catacombs,Skeleton Grunt,80,III,62000,1600,33,20%,
Catacombs,Undead Skeleton,80,III,150000,2160,45,20%,
Catacombs,Skeletor,80,III,250000,3560,74,20%,Cannot throw bones.
Catacombs,Tank Zombie,80,III (Master),160000,25000,502,20%,
Catacombs,Skeleton Grunt,80,III (Master),6000000,60000,1260,20%,
Catacombs,Undead Skeleton,80,III (Master),6300000,78000,1623,20%,
Catacombs,Skeletor,80,III (Master),6900000,90000,1869,20%,Cannot throw bones.
Catacombs,Lost Adventurer (Unstable),81,Entrance,60000,360,8,19%,"Cannot pull out its bow, use its sword ability, or heal up once low on health."
Catacombs,Crypt Lurker,81,III,40000,1800,36,19%,Cannot throw bones.
Catacombs,Crypt Lurker,81,III (Master),2300000,36000,743,19%,Cannot throw bones.
Catacombs,Lost Adventurer (Holy),82,Entrance,60000,360,8,18%,"Cannot pull out its bow, use its sword ability, or heal up once low on health."
Catacombs,Lost Adventurer (Superior),83,Entrance,65000,360,8,17%,"Cannot pull out its bow, use its sword ability, or heal up once low on health."
Catacombs,Zombie Soldier,83,III,140000,1640,34,17%,
Catacombs,Sniper,83,III,45000,3720,74,17%,
Catacombs,Zombie Soldier,83,III (Master),6000000,44000,940,17%,
Catacombs,Sniper,83,III (Master),8000000,140000,2880,17%,
Catacombs,Lost Adventurer (Young),85,I,95000,544,12,15%,"Cannot pull out its bow, use its sword ability, or heal up once low on health."
Catacombs,Crypt Souleater,85,III,85000,2000,41,15%,Does not fire wither skulls from its bow.
Catacombs,Lost Adventurer (Young),85,I (Master),8000000,24000,560,15%,"Cannot pull out its bow, use its sword ability, or heal up once low on health."
Catacombs,Crypt Souleater,85,III (Master),5100000,60000,1251,15%,Does not fire wither skulls from its bow.
Catacombs,Lost Adventurer (Unstable),86,I,95000,544,12,14%,"Cannot pull out its bow, use its sword ability, or heal up once low on health."
Catacombs,Skeleton Soldier,86,III,90000,1920,39,14%,
Catacombs,Zombie Knight,86,III,170000,2280,48,14%,
Catacombs,Lost Adventurer (Unstable),86,I (Master),8000000,24000,560,14%,"Cannot pull out its bow, use its sword ability, or heal up once low on health."
Catacombs,Zombie Knight,86,III (Master),7000000,56000,1190,14%,
Catacombs,Skeleton Soldier,86,III (Master),7200000,67500,1422,14%,
Catacombs,Lost Adventurer (Holy),87,I,95000,544,12,13%,"Cannot pull out its bow, use its sword ability, or heal up once low on health."
Catacombs,Crypt Dreadlord,87,III,118000,1880,39,13%,Cannot fire wither skulls.
Catacombs,Lost Adventurer (Holy),87,I (Master),8000000,24000,560,13%,"Cannot pull out its bow, use its sword ability, or heal up once low on health."
Catacombs,Crypt Dreadlord,87,III (Master),3300000,42000,873,13%,Cannot fire wither skulls.
Catacombs,Lost Adventurer (Superior),88,I,100000,544,12,12%,"Cannot pull out its bow, use its sword ability, or heal up once low on health."
Catacombs,Skeleton Master,88,III,99000,4050,82,12%,Cannot fire wither skulls.
Catacombs,Skeleton Master,88,III (Master),5400000,75000,1554,12%,Cannot fire wither skulls.
Catacombs,Lost Adventurer (Superior),88,I (Master),25500000,78000,1815,12%,"Cannot pull out its bow, use its sword ability, or heal up once low on health."
Catacombs,Angry Archaeologist,90,I,20000,640,13,10%,"Cannot pull out its bow, use its sword ability, or heal up once low on health."
Catacombs,Lost Adventurer (Young),90,Entrance,170000,856,19,10%,"Cannot pull out its bow, use its sword ability, or heal up once low on health."
Catacombs,Lost Adventurer (Young),90,I,170000,856,19,10%,"Cannot pull out its bow, use its sword ability, or heal up once low on health."
Catacombs,Lost Adventurer (Young),90,II,170000,856,19,10%,"Cannot pull out its bow, use its sword ability, or heal up once low on health."
Catacombs,Super Tank Zombie,90,IV,20000,2320,46,10%,"Retains its damage reduction passive, but not its knockback immunity."
Catacombs,Undead Skeleton,90,IV,200000,3240,67,10%,
Catacombs,Super Archer,90,IV,400000,4240,89,10%,
Catacombs,Withermancer,90,IV,300000,4640,96,10%,"Cannot summon wither skulls, and by extension, cannot store them."
Catacombs,Skeletor,90,IV,500000,4640,98,10%,Cannot throw bones.
Catacombs,Fels,90,V,600000,8000,166,10%,"Invisible, but can still attack."
Catacombs,Angry Archaeologist,90,I (Master),1000000,24000,490,10%,"Cannot pull out its bow, use its sword ability, or heal up once low on health."
Catacombs,Super Tank Zombie,90,IV (Master),180000,25600,514,10%,"Retains its damage reduction passive, but not its knockback immunity."
Catacombs,Lost Adventurer (Young),90,I,14250000,42000,983,10%,"Cannot pull out its bow, use its sword ability, or heal up once low on health."
Catacombs,Lost Adventurer (Young),90,II,14250000,42000,983,10%,"Cannot pull out its bow, use its sword ability, or heal up once low on health."
Catacombs,Undead Skeleton,90,IV (Master),7500000,87000,1815,10%,
Catacombs,Skeletor,90,IV (Master),7800000,99000,2058,10%,Cannot throw bones.
Catacombs,Withermancer,90,IV (Master),31250000,100000,2313,10%,"Cannot summon wither skulls, and by extension, cannot store them."
Catacombs,Super Archer,90,IV (Master),48000000,105000,2580,10%,
Catacombs,Fels,90,V (Master),45000000,150000,3450,10%,"Invisible, but can still attack."
Catacombs,Lost Adventurer (Unstable),91,Entrance,170000,856,19,9%,"Cannot pull out its bow, use its sword ability, or heal up once low on health."
Catacombs,Lost Adventurer (Unstable),91,I,170000,856,19,9%,"Cannot pull out its bow, use its sword ability, or heal up once low on health."
Catacombs,Lost Adventurer (Unstable),91,II,170000,856,19,9%,"Cannot pull out its bow, use its sword ability, or heal up once low on health."
Catacombs,Crypt Lurker,91,IV,82000,2800,57,9%,Cannot throw bones.
Catacombs,Lost Adventurer (Unstable),91,I,14250000,42000,983,9%,"Cannot pull out its bow, use its sword ability, or heal up once low on health."
Catacombs,Lost Adventurer (Unstable),91,II,14250000,42000,983,9%,"Cannot pull out its bow, use its sword ability, or heal up once low on health."
Catacombs,Crypt Lurker,91,IV (Master),3250000,48750,1008,9%,Cannot throw bones.
Catacombs,Lost Adventurer (Holy),92,Entrance,170000,856,19,8%,"Cannot pull out its bow, use its sword ability, or heal up once low on health."
Catacombs,Lost Adventurer (Holy),92,I,170000,856,19,8%,"Cannot pull out its bow, use its sword ability, or heal up once low on health."
Catacombs,Lost Adventurer (Holy),92,II,170000,856,19,8%,"Cannot pull out its bow, use its sword ability, or heal up once low on health."
Catacombs,Lost Adventurer (Holy),92,I,14250000,42000,983,8%,"Cannot pull out its bow, use its sword ability, or heal up once low on health."
Catacombs,Lost Adventurer (Holy),92,II,14250000,42000,983,8%,"Cannot pull out its bow, use its sword ability, or heal up once low on health."
Catacombs,Lost Adventurer (Superior),93,Entrance,175000,856,19,7%,"Cannot pull out its bow, use its sword ability, or heal up once low on health."
Catacombs,Lost Adventurer (Superior),93,I,175000,856,19,7%,"Cannot pull out its bow, use its sword ability, or heal up once low on health."
Catacombs,Lost Adventurer (Superior),93,II,175000,856,19,7%,"Cannot pull out its bow, use its sword ability, or heal up once low on health."
Catacombs,Zombie Soldier,93,IV,260000,2480,53,7%,
Catacombs,Sniper,93,IV,70000,8480,171,7%,
Catacombs,Lost Adventurer (Superior),93,I,15000000,45000,1050,7%,"Cannot pull out its bow, use its sword ability, or heal up once low on health."
Catacombs,Lost Adventurer (Superior),93,II,15000000,45000,1050,7%,"Cannot pull out its bow, use its sword ability, or heal up once low on health."
Catacombs,Zombie Soldier,93,IV (Master),8750000,62500,1338,7%,
Catacombs,Sniper,93,IV (Master),10500000,187500,3855,7%,
Catacombs,Crypt Souleater,95,IV,150000,2800,58,5%,Does not fire wither skulls from its bow.
Catacombs,Crypt Souleater,95,IV (Master),6000000,67500,1410,5%,Does not fire wither skulls from its bow.
Catacombs,Skeleton Soldier,96,IV,160000,2640,55,4%,
Catacombs,Zombie Knight,96,IV,330000,2880,61,4%,
Catacombs,Skeleton Soldier,96,IV (Master),8400000,75000,1584,4%,
Catacombs,Zombie Knight,96,IV (Master),10000000,77500,1650,4%,
Catacombs,Crypt Dreadlord,97,IV,210000,2840,59,3%,Cannot fire wither skulls.
Catacombs,Crypt Dreadlord,97,IV (Master),4875000,58750,1224,3%,Cannot fire wither skulls.
Catacombs,Skeleton Master,98,IV,180000,5700,116,2%,Cannot fire wither skulls.
Catacombs,Skeleton Master,98,IV (Master),8000000,110000,2280,2%,Cannot fire wither skulls.
Catacombs,Angry Archaeologist,100,Entrance,44000,1152,23,1%,"Cannot pull out its bow, use its sword ability, or heal up once low on health."
Catacombs,Angry Archaeologist,100,I,44000,1152,23,1%,"Cannot pull out its bow, use its sword ability, or heal up once low on health."
Catacombs,Angry Archaeologist,100,II,44000,1152,23,1%,"Cannot pull out its bow, use its sword ability, or heal up once low on health."
Catacombs,Lost Adventurer (Young),100,II,300000,1760,38,1%,"Cannot pull out its bow, use its sword ability, or heal up once low on health."
Catacombs,Lost Adventurer (Young),100,III,300000,1760,38,1%,"Cannot pull out its bow, use its sword ability, or heal up once low on health."
Catacombs,Super Tank Zombie,100,V,35000,3520,70,1%,"Retains its damage reduction passive, but not its knockback immunity."
Catacombs,Undead Skeleton,100,V,250000,4240,88,1%,
Catacombs,Super Archer,100,V,550000,6240,131,1%,
Catacombs,Withermancer,100,V,470000,6400,133,1%,"Cannot summon wither skulls, and by extension, cannot store them."
Catacombs,Skeletor,100,V,700000,6400,135,1%,Cannot throw bones.
Catacombs,Fels,100,VI,700000,9600,199,1%,"Invisible, but can still attack."
Catacombs,Wither Miner,100,VII,10000000,14400,388,1%,Cannot shoot wither skulls.
Catacombs,Wither Guard,100,VII,3500000,20000,435,1%,
Catacombs,Super Tank Zombie,100,V (Master),300000,35000,703,1%,"Retains its damage reduction passive, but not its knockback immunity."
Catacombs,Angry Archaeologist,100,I,1875000,40500,829,1%,"Cannot pull out its bow, use its sword ability, or heal up once low on health."
Catacombs,Angry Archaeologist,100,II,1875000,40500,829,1%,"Cannot pull out its bow, use its sword ability, or heal up once low on health."
Catacombs,Lost Adventurer (Young),100,II,24000000,70000,1640,1%,"Cannot pull out its bow, use its sword ability, or heal up once low on health."
Catacombs,Lost Adventurer (Young),100,III,24000000,70000,1640,1%,"Cannot pull out its bow, use its sword ability, or heal up once low on health."
Catacombs,Wither Husk,100,VII (Master),500000000,90000,6800,1%,
Catacombs,Undead Skeleton,100,V (Master),8400000,96000,2004,1%,
Catacombs,Skeletor,100,V (Master),9000000,108000,2250,1%,Cannot throw bones.
Catacombs,Super Archer,100,V (Master),60000000,135000,3300,1%,
Catacombs,Withermancer,100,V (Master),48000000,150000,3480,1%,"Cannot summon wither skulls, and by extension, cannot store them."
Catacombs,Wither Miner,100,VII (Master),300000000,180000,6600,1%,Cannot shoot wither skulls.
Catacombs,Fels,100,VI (Master),80000000,200000,4800,1%,"Invisible, but can still attack."
Catacombs,Wither Guard,100,VII (Master),300000000,225000,7500,1%,
Catacombs,Lost Adventurer (Unstable),101,II,300000,1760,38,1%,"Cannot pull out its bow, use its sword ability, or heal up once low on health."
Catacombs,Lost Adventurer (Unstable),101,III,300000,1760,38,1%,"Cannot pull out its bow, use its sword ability, or heal up once low on health."
Catacombs,Crypt Lurker,101,V,123000,3760,76,1%,Cannot throw bones.
Catacombs,Crypt Lurker,101,V (Master),4350000,63000,1304,1%,Cannot throw bones.
Catacombs,Lost Adventurer (Unstable),101,II,24000000,70000,1640,1%,"Cannot pull out its bow, use its sword ability, or heal up once low on health."
Catacombs,Lost Adventurer (Unstable),101,III,24000000,70000,1640,1%,"Cannot pull out its bow, use its sword ability, or heal up once low on health."
Catacombs,Lost Adventurer (Holy),102,II,300000,1760,38,1%,"Cannot pull out its bow, use its sword ability, or heal up once low on health."
Catacombs,Lost Adventurer (Holy),102,III,300000,1760,38,1%,"Cannot pull out its bow, use its sword ability, or heal up once low on health."
Catacombs,Lost Adventurer (Holy),102,II,24000000,70000,1640,1%,"Cannot pull out its bow, use its sword ability, or heal up once low on health."
Catacombs,Lost Adventurer (Holy),102,III,24000000,70000,1640,1%,"Cannot pull out its bow, use its sword ability, or heal up once low on health."
Catacombs,Lost Adventurer (Superior),103,II,320000,1760,38,1%,"Cannot pull out its bow, use its sword ability, or heal up once low on health."
Catacombs,Lost Adventurer (Superior),103,III,320000,1760,38,1%,"Cannot pull out its bow, use its sword ability, or heal up once low on health."
Catacombs,Zombie Soldier,103,V,320000,3520,73,1%,
Catacombs,Sniper,103,V,100000,14240,286,1%,
Catacombs,Lost Adventurer (Superior),103,II,26000000,76000,1780,1%,"Cannot pull out its bow, use its sword ability, or heal up once low on health."
Catacombs,Lost Adventurer (Superior),103,III,26000000,76000,1780,1%,"Cannot pull out its bow, use its sword ability, or heal up once low on health."
Catacombs,Zombie Soldier,103,V (Master),12000000,84000,1800,1%,
Catacombs,Sniper,103,V (Master),13200000,240000,4932,1%,
Catacombs,Crypt Souleater,105,V,250000,3680,77,1%,Does not fire wither skulls from its bow.
Catacombs,Crypt Souleater,105,V (Master),6900000,75000,1569,1%,Does not fire wither skulls from its bow.
Catacombs,Skeleton Soldier,106,V,250000,4160,86,1%,
Catacombs,Zombie Knight,106,V,430000,4160,87,1%,
Catacombs,Skeleton Soldier,106,V (Master),9600000,82500,1746,1%,
Catacombs,Zombie Knight,106,V (Master),13500000,102000,2175,1%,
Catacombs,Crypt Dreadlord,107,V,270000,4080,85,1%,Cannot fire wither skulls.
Catacombs,Crypt Dreadlord,107,V (Master),6750000,78000,1628,1%,Cannot fire wither skulls.
Catacombs,Skeleton Master,108,V,280000,8700,177,1%,Cannot fire wither skulls.
Catacombs,Skeleton Master,108,V (Master),11100000,150000,3111,1%,Cannot fire wither skulls.
Catacombs,Angry Archaeologist,110,II,75000,2280,47,1%,"Cannot pull out its bow, use its sword ability, or heal up once low on health."
Catacombs,Angry Archaeologist,110,III,75000,2280,47,1%,"Cannot pull out its bow, use its sword ability, or heal up once low on health."
Catacombs,Lost Adventurer (Young),110,IV,450000,2680,59,1%,"Cannot pull out its bow, use its sword ability, or heal up once low on health."
Catacombs,Super Tank Zombie,110,VI,45000,4560,91,1%,"Retains its damage reduction passive, but not its knockback immunity."
Catacombs,Undead Skeleton,110,VI,360000,5760,119,1%,
Catacombs,Skeletor,110,VI,1000000,8040,171,1%,Cannot throw bones.
Catacombs,Withermancer,110,VI,600000,8480,176,1%,"Cannot summon wither skulls, and by extension, cannot store them."
Catacombs,Zombie Commander,110,VI,1700000,8800,193,1%,Cannot cast the whip.
Catacombs,Super Archer,110,VI,750000,9600,200,1%,
Catacombs,Skeletor Prime,110,VI,1515151,9600,207,1%,Cannot throw bones.
Catacombs,Fels,110,VII,1500000,20000,415,1%,"Invisible, but can still attack."
Catacombs,Super Tank Zombie,110,VI (Master),525000,48000,965,1%,"Retains its damage reduction passive, but not its knockback immunity."
Catacombs,Angry Archaeologist,110,II,3000000,64000,1310,1%,"Cannot pull out its bow, use its sword ability, or heal up once low on health."
Catacombs,Angry Archaeologist,110,III,3000000,64000,1310,1%,"Cannot pull out its bow, use its sword ability, or heal up once low on health."
Catacombs,Lost Adventurer (Young),110,IV (Master),35000000,100000,2350,1%,"Cannot pull out its bow, use its sword ability, or heal up once low on health."
Catacombs,Skeletor,110,VI (Master),10200000,117000,2442,1%,Cannot throw bones.
Catacombs,Undead Skeleton,110,VI (Master),12800000,140000,2928,1%,
Catacombs,Skeletor Prime,110,VI (Master),17373736,176000,3694,1%,Cannot throw bones.
Catacombs,Withermancer,110,VI (Master),88000000,200000,4880,1%,"Cannot summon wither skulls, and by extension, cannot store them."
Catacombs,Super Archer,110,VI (Master),100000000,200000,5000,1%,
Catacombs,Fels,110,VII (Master),160000000,240000,6400,1%,"Invisible, but can still attack."
Catacombs,Zombie Commander,110,VI (Master),160000000,280000,7200,1%,Cannot cast the whip.
Catacombs,Lost Adventurer (Unstable),111,IV,450000,2680,59,1%,"Cannot pull out its bow, use its sword ability, or heal up once low on health."
Catacombs,Crypt Lurker,111,VI,200000,4720,96,1%,Cannot throw bones.
Catacombs,Crypt Lurker,111,VI (Master),6400000,80000,1664,1%,Cannot throw bones.
Catacombs,Lost Adventurer (Unstable),111,IV (Master),35000000,100000,2350,1%,"Cannot pull out its bow, use its sword ability, or heal up once low on health."
Catacombs,Lost Adventurer (Holy),112,IV,450000,2680,59,1%,"Cannot pull out its bow, use its sword ability, or heal up once low on health."
Catacombs,Lost Adventurer (Holy),112,IV (Master),35000000,100000,2350,1%,"Cannot pull out its bow, use its sword ability, or heal up once low on health."
Catacombs,Lost Adventurer (Superior),113,IV,475000,2680,59,1%,"Cannot pull out its bow, use its sword ability, or heal up once low on health."
Catacombs,Zombie Soldier,113,VI,500000,4800,101,1%,
Catacombs,Sniper,113,VI,200000,22240,447,1%,
Catacombs,Lost Adventurer (Superior),113,IV (Master),37500000,105000,2475,1%,"Cannot pull out its bow, use its sword ability, or heal up once low on health."
Catacombs,Zombie Soldier,113,VI (Master),18000000,112000,2420,1%,
Catacombs,Sniper,113,VI (Master),18400000,300000,6184,1%,
Catacombs,Crypt Souleater,115,VI,375000,4640,97,1%,Does not fire wither skulls from its bow.
Catacombs,Mimic,115,VI,1500000,9600,207,1%,Much slower than its original counterpart.
Catacombs,Crypt Souleater,115,VI (Master),10400000,100000,2104,1%,Does not fire wither skulls from its bow.
Catacombs,Mimic,115,VI (Master),150000000,150000,4500,1%,Much slower than its original counterpart.
Catacombs,Zombie Knight,116,VI,580000,5520,116,1%,
Catacombs,Skeleton Soldier,116,VI,360000,5600,116,1%,
Catacombs,Skeleton Soldier,116,VI (Master),14400000,105000,2244,1%,
Catacombs,Zombie Knight,116,VI (Master),20000000,132000,2840,1%,
Catacombs,Crypt Dreadlord,117,VI,390000,5680,118,1%,Cannot fire wither skulls.
Catacombs,Crypt Dreadlord,117,VI (Master),10200000,100000,2102,1%,Cannot fire wither skulls.
Catacombs,Skeleton Master,118,VI,400000,12000,244,1%,Cannot fire wither skulls.
Catacombs,Skeleton Master,118,VI (Master),21000000,200000,4210,1%,Cannot fire wither skulls.
Catacombs,Angry Archaeologist,120,IV,125000,2800,57,1%,"Cannot pull out its bow, use its sword ability, or heal up once low on health."
Catacombs,Lost Adventurer (Young),120,III,550000,3200,70,1%,"Cannot pull out its bow, use its sword ability, or heal up once low on health."
Catacombs,Lost Adventurer (Young),120,V,550000,3200,70,1%,"Cannot pull out its bow, use its sword ability, or heal up once low on health."
Catacombs,Shadow Assassin,120,III,700000,3280,73,1%,Completely invisible except for its iron sword. Cannot teleport.
Catacombs,Undead Skeleton,120,VII,360000,5760,119,1%,
Catacombs,Super Tank Zombie,120,VII,90000,10240,206,1%,"Retains its damage reduction passive, but not its knockback immunity."
Catacombs,Withermancer,120,VII,1250000,17600,365,1%,"Cannot summon wither skulls, and by extension, cannot store them."
Catacombs,Zombie Commander,120,VII,3500000,18400,403,1%,Cannot cast the whip.
Catacombs,Skeletor Prime,120,VII,3131313,20000,431,1%,Cannot throw bones.
Catacombs,Super Archer,120,VII,1600000,20800,432,1%,
Catacombs,Super Tank Zombie,120,VII (Master),1050000,54250,1096,1%,"Retains its damage reduction passive, but not its knockback immunity."
Catacombs,Angry Archaeologist,120,IV (Master),4375000,87500,1794,1%,"Cannot pull out its bow, use its sword ability, or heal up once low on health."
Catacombs,Undead Skeleton,120,VII (Master),10500000,114000,2385,1%,
Catacombs,Shadow Assassin,120,III (Master),40000000,120000,2800,1%,Completely invisible except for its iron sword. Cannot teleport.
Catacombs,Lost Adventurer (Young),120,III,48000000,135000,3180,1%,"Cannot pull out its bow, use its sword ability, or heal up once low on health."
Catacombs,Lost Adventurer (Young),120,V,48000000,135000,3180,1%,"Cannot pull out its bow, use its sword ability, or heal up once low on health."
Catacombs,Skeletor Prime,120,VII (Master),20606060,192000,4046,1%,Cannot throw bones.
Catacombs,Super Archer,120,VII (Master),200000000,220000,6400,1%,
Catacombs,Withermancer,120,VII (Master),150000000,240000,6300,1%,"Cannot summon wither skulls, and by extension, cannot store them."
Catacombs,Zombie Commander,120,VII (Master),250000000,320000,8900,1%,Cannot cast the whip.
Catacombs,Lost Adventurer (Unstable),121,III,550000,3200,70,1%,"Cannot pull out its bow, use its sword ability, or heal up once low on health."
Catacombs,Lost Adventurer (Unstable),121,V,550000,3200,70,1%,"Cannot pull out its bow, use its sword ability, or heal up once low on health."
Catacombs,Crypt Lurker,121,VII,420000,10400,212,1%,Cannot throw bones.
Catacombs,Crypt Lurker,121,VII (Master),13000000,90000,1930,1%,Cannot throw bones.
Catacombs,Lost Adventurer (Unstable),121,III,48000000,135000,3180,1%,"Cannot pull out its bow, use its sword ability, or heal up once low on health."
Catacombs,Lost Adventurer (Unstable),121,V,48000000,135000,3180,1%,"Cannot pull out its bow, use its sword ability, or heal up once low on health."
Catacombs,Lost Adventurer (Holy),122,III,550000,3200,70,1%,"Cannot pull out its bow, use its sword ability, or heal up once low on health."
Catacombs,Lost Adventurer (Holy),122,V,550000,3200,70,1%,"Cannot pull out its bow, use its sword ability, or heal up once low on health."
Catacombs,Lost Adventurer (Holy),122,III,48000000,135000,3180,1%,"Cannot pull out its bow, use its sword ability, or heal up once low on health."
Catacombs,Lost Adventurer (Holy),122,V,48000000,135000,3180,1%,"Cannot pull out its bow, use its sword ability, or heal up once low on health."
Catacombs,Lost Adventurer (Superior),123,III,575000,3200,70,1%,"Cannot pull out its bow, use its sword ability, or heal up once low on health."
Catacombs,Lost Adventurer (Superior),123,V,575000,3200,70,1%,"Cannot pull out its bow, use its sword ability, or heal up once low on health."
Catacombs,Zombie Soldier,123,VII,1200000,9600,204,1%,
Catacombs,Sniper,123,VII,500000,46400,933,1%,
Catacombs,Zombie Soldier,123,VII (Master),36000000,124000,2840,1%,
Catacombs,Lost Adventurer (Superior),123,III,52500000,144000,3405,1%,"Cannot pull out its bow, use its sword ability, or heal up once low on health."
Catacombs,Lost Adventurer (Superior),123,V,52500000,144000,3405,1%,"Cannot pull out its bow, use its sword ability, or heal up once low on health."
Catacombs,Sniper,123,VII (Master),36000000,340000,7160,1%,
Catacombs,Crypt Souleater,125,VII,800000,10400,216,1%,Does not fire wither skulls from its bow.
Catacombs,Mimic,125,VII,3000000,19200,414,1%,Much slower than its original counterpart.
Catacombs,Crypt Souleater,125,VII (Master),20000000,110000,2400,1%,Does not fire wither skulls from its bow.
Catacombs,Mimic,125,VII (Master),180000000,180000,5400,1%,Much slower than its original counterpart.
Catacombs,Zombie Knight,126,VII,1280000,11200,237,1%,
Catacombs,Skeleton Soldier,126,VII,750000,11600,240,1%,
Catacombs,Skeleton Soldier,126,VII (Master),28000000,120000,2680,1%,
Catacombs,Zombie Knight,126,VII (Master),40000000,148000,3360,1%,
Catacombs,Crypt Dreadlord,127,VII,840000,11840,245,1%,Cannot fire wither skulls.
Catacombs,Crypt Dreadlord,127,VII (Master),20000000,114000,2480,1%,Cannot fire wither skulls.
Catacombs,Skeleton Master,128,VII,900000,24000,489,1%,Cannot fire wither skulls.
Catacombs,Skeleton Master,128,VII (Master),42000000,227500,4970,1%,Cannot fire wither skulls.
Catacombs,King Midas,130,III,300000,3760,78,1%,"Cannot use the Gold Wave ability and does not retain its damage reduction passive, causing it to take full damage."
Catacombs,Angry Archaeologist,130,III,180000,3840,79,1%,"Cannot pull out its bow, use its sword ability, or heal up once low on health."
Catacombs,Angry Archaeologist,130,V,180000,3840,79,1%,"Cannot pull out its bow, use its sword ability, or heal up once low on health."
Catacombs,Shadow Assassin,130,III,1100000,4080,93,1%,Completely invisible except for its iron sword. Cannot teleport.
Catacombs,Lost Adventurer (Young),130,IV,1100000,4440,100,1%,"Cannot pull out its bow, use its sword ability, or heal up once low on health."
Catacombs,Lost Adventurer (Young),130,VI,1100000,4440,100,1%,"Cannot pull out its bow, use its sword ability, or heal up once low on health."
Catacombs,Spirit Bear,130,IV,5000000,10240,255,1%,Cannot shoot arrows.
Catacombs,King Midas,130,III (Master),8600000,52000,1126,1%,"Cannot use the Gold Wave ability and does not retain its damage reduction passive, causing it to take full damage."
Catacombs,Angry Archaeologist,130,III,6000000,114000,2340,1%,"Cannot pull out its bow, use its sword ability, or heal up once low on health."
Catacombs,Angry Archaeologist,130,V,6000000,114000,2340,1%,"Cannot pull out its bow, use its sword ability, or heal up once low on health."
Catacombs,Lost Adventurer (Young),130,IV,54000000,150000,3540,1%,"Cannot pull out its bow, use its sword ability, or heal up once low on health."
Catacombs,Lost Adventurer (Young),130,VI,54000000,150000,3540,1%,"Cannot pull out its bow, use its sword ability, or heal up once low on health."
Catacombs,Shadow Assassin,130,III (Master),55000000,175000,4050,1%,Completely invisible except for its iron sword. Cannot teleport.
Catacombs,Spirit Bear,130,IV (Master),180000000,182000,5440,1%,Cannot shoot arrows.
Catacombs,Lost Adventurer (Unstable),131,IV,1100000,4440,100,1%,"Cannot pull out its bow, use its sword ability, or heal up once low on health."
Catacombs,Lost Adventurer (Unstable),131,VI,1100000,4440,100,1%,"Cannot pull out its bow, use its sword ability, or heal up once low on health."
Catacombs,Lost Adventurer (Unstable),131,IV,54000000,150000,3540,1%,"Cannot pull out its bow, use its sword ability, or heal up once low on health."
Catacombs,Lost Adventurer (Unstable),131,VI,54000000,150000,3540,1%,"Cannot pull out its bow, use its sword ability, or heal up once low on health."
Catacombs,Lost Adventurer (Holy),132,IV,1100000,4440,100,1%,"Cannot pull out its bow, use its sword ability, or heal up once low on health."
Catacombs,Lost Adventurer (Holy),132,VI,1100000,4440,100,1%,"Cannot pull out its bow, use its sword ability, or heal up once low on health."
Catacombs,Lost Adventurer (Holy),132,IV,54000000,150000,3540,1%,"Cannot pull out its bow, use its sword ability, or heal up once low on health."
Catacombs,Lost Adventurer (Holy),132,VI,54000000,150000,3540,1%,"Cannot pull out its bow, use its sword ability, or heal up once low on health."
Catacombs,Lost Adventurer (Superior),133,IV,1200000,4440,101,1%,"Cannot pull out its bow, use its sword ability, or heal up once low on health."
Catacombs,Lost Adventurer (Superior),133,VI,1200000,4440,101,1%,"Cannot pull out its bow, use its sword ability, or heal up once low on health."
Catacombs,Lost Adventurer (Superior),133,IV,60000000,165000,3900,1%,"Cannot pull out its bow, use its sword ability, or heal up once low on health."
Catacombs,Lost Adventurer (Superior),133,VI,60000000,165000,3900,1%,"Cannot pull out its bow, use its sword ability, or heal up once low on health."
Catacombs,Frozen Adventurer,134,IV,1100000,4440,100,1%,"Cannot pull out its bow, use its sword ability, or heal up once low on health. Cannot use its Ice Spray ability and cannot strike enemies with lightning."
Catacombs,Frozen Adventurer,134,V,1100000,4440,100,1%,"Cannot pull out its bow, use its sword ability, or heal up once low on health. Cannot use its Ice Spray ability and cannot strike enemies with lightning."
Catacombs,Frozen Adventurer,134,IV,60000000,165000,3900,1%,"Cannot pull out its bow, use its sword ability, or heal up once low on health. Cannot use its Ice Spray ability and cannot strike enemies with lightning."
Catacombs,Frozen Adventurer,134,V,60000000,165000,3900,1%,"Cannot pull out its bow, use its sword ability, or heal up once low on health. Cannot use its Ice Spray ability and cannot strike enemies with lightning."
Catacombs,Frozen Adventurer,135,IV,475000,2840,62,1%,"Cannot pull out its bow, use its sword ability, or heal up once low on health. Cannot use its Ice Spray ability and cannot strike enemies with lightning."
Catacombs,Frozen Adventurer,135,IV (Master),42000000,120000,2820,1%,"Cannot pull out its bow, use its sword ability, or heal up once low on health. Cannot use its Ice Spray ability and cannot strike enemies with lightning."
Catacombs,Angry Archaeologist,140,IV,240000,4640,95,1%,"Cannot pull out its bow, use its sword ability, or heal up once low on health."
Catacombs,Angry Archaeologist,140,VI,240000,4640,95,1%,"Cannot pull out its bow, use its sword ability, or heal up once low on health."
Catacombs,Shadow Assassin,140,IV,2000000,5120,122,1%,Completely invisible except for its iron sword. Cannot teleport.
Catacombs,King Midas,140,IV,800000,5760,123,1%,"Cannot use the Gold Wave ability and does not retain its damage reduction passive, causing it to take full damage."
Catacombs,Lost Adventurer (Young),140,V,1600000,5920,134,1%,"Cannot pull out its bow, use its sword ability, or heal up once low on health."
Catacombs,King Midas,140,IV (Master),12000000,75000,1620,1%,"Cannot use the Gold Wave ability and does not retain its damage reduction passive, causing it to take full damage."
Catacombs,Angry Archaeologist,140,IV,6900000,120000,2469,1%,"Cannot pull out its bow, use its sword ability, or heal up once low on health."
Catacombs,Angry Archaeologist,140,VI,6900000,120000,2469,1%,"Cannot pull out its bow, use its sword ability, or heal up once low on health."
Catacombs,Lost Adventurer (Young),140,V (Master),60000000,165000,3900,1%,"Cannot pull out its bow, use its sword ability, or heal up once low on health."
Catacombs,Shadow Assassin,140,IV (Master),75000000,240000,5550,1%,Completely invisible except for its iron sword. Cannot teleport.
Catacombs,Lost Adventurer (Unstable),141,V,1600000,5920,134,1%,"Cannot pull out its bow, use its sword ability, or heal up once low on health."
Catacombs,Lost Adventurer (Unstable),141,V (Master),60000000,165000,3900,1%,"Cannot pull out its bow, use its sword ability, or heal up once low on health."
Catacombs,Lost Adventurer (Holy),142,V,1600000,5920,134,1%,"Cannot pull out its bow, use its sword ability, or heal up once low on health."
Catacombs,Lost Adventurer (Holy),142,V,60000000,165000,3900,1%,"Cannot pull out its bow, use its sword ability, or heal up once low on health."
Catacombs,Lost Adventurer (Superior),143,V,1750000,6240,143,1%,"Cannot pull out its bow, use its sword ability, or heal up once low on health."
Catacombs,Lost Adventurer (Superior),143,V (Master),66000000,180000,4260,1%,"Cannot pull out its bow, use its sword ability, or heal up once low on health."
Catacombs,Frozen Adventurer,144,V,1600000,6240,141,1%,"Cannot pull out its bow, use its sword ability, or heal up once low on health. Cannot use its Ice Spray ability and cannot strike enemies with lightning."
Catacombs,Frozen Adventurer,144,VI,1600000,6240,141,1%,"Cannot pull out its bow, use its sword ability, or heal up once low on health. Cannot use its Ice Spray ability and cannot strike enemies with lightning."
Catacombs,Frozen Adventurer,144,V,66000000,180000,4260,1%,"Cannot pull out its bow, use its sword ability, or heal up once low on health. Cannot use its Ice Spray ability and cannot strike enemies with lightning."
Catacombs,Frozen Adventurer,144,VI,66000000,180000,4260,1%,"Cannot pull out its bow, use its sword ability, or heal up once low on health. Cannot use its Ice Spray ability and cannot strike enemies with lightning."
Catacombs,Angry Archaeologist,150,V,320000,6400,131,1%,"Cannot pull out its bow, use its sword ability, or heal up once low on health."
Catacombs,Shadow Assassin,150,V,3000000,6640,163,1%,Completely invisible except for its iron sword. Cannot teleport.
Catacombs,King Midas,150,V,1400000,7200,158,1%,"Cannot use the Gold Wave ability and does not retain its damage reduction passive, causing it to take full damage."
Catacombs,Lost Adventurer (Young),150,VI,2600000,7920,184,1%,"Cannot pull out its bow, use its sword ability, or heal up once low on health."
Catacombs,Lost Adventurer (Young),150,VII,2600000,7920,184,1%,"Cannot pull out its bow, use its sword ability, or heal up once low on health."
Catacombs,Zombie Lord,150,VII,5000000,20000,450,1%,
Catacombs,Skeleton Lord,150,VII,2000000,24000,500,1%,
Catacombs,King Midas,150,V (Master),15600000,102000,2196,1%,"Cannot use the Gold Wave ability and does not retain its damage reduction passive, causing it to take full damage."
Catacombs,Angry Archaeologist,150,V (Master),7800000,129000,2658,1%,"Cannot pull out its bow, use its sword ability, or heal up once low on health."
Catacombs,Lost Adventurer (Young),150,VI,92000000,240000,5720,1%,"Cannot pull out its bow, use its sword ability, or heal up once low on health."
Catacombs,Lost Adventurer (Young),150,VII,92000000,240000,5720,1%,"Cannot pull out its bow, use its sword ability, or heal up once low on health."
Catacombs,Shadow Assassin,150,V (Master),84000000,270000,6240,1%,Completely invisible except for its iron sword. Cannot teleport.
Catacombs,Skeleton Lord,150,VII (Master),120000000,300000,7200,1%,
Catacombs,Zombie Lord,150,VII (Master),300000000,320000,9400,1%,
Catacombs,Lost Adventurer (Unstable),151,VI,2600000,7920,184,1%,"Cannot pull out its bow, use its sword ability, or heal up once low on health."
Catacombs,Lost Adventurer (Unstable),151,VII,2600000,7920,184,1%,"Cannot pull out its bow, use its sword ability, or heal up once low on health."
Catacombs,Lost Adventurer (Unstable),151,VI,104000000,240000,5840,1%,"Cannot pull out its bow, use its sword ability, or heal up once low on health."
Catacombs,Lost Adventurer (Unstable),151,VII,104000000,240000,5840,1%,"Cannot pull out its bow, use its sword ability, or heal up once low on health."
Catacombs,Lost Adventurer (Holy),152,VI,2600000,7920,184,1%,"Cannot pull out its bow, use its sword ability, or heal up once low on health."
Catacombs,Lost Adventurer (Holy),152,VII,2600000,7920,184,1%,"Cannot pull out its bow, use its sword ability, or heal up once low on health."
Catacombs,Lost Adventurer (Holy),152,VI,104000000,240000,5840,1%,"Cannot pull out its bow, use its sword ability, or heal up once low on health."
Catacombs,Lost Adventurer (Holy),152,VII,104000000,240000,5840,1%,"Cannot pull out its bow, use its sword ability, or heal up once low on health."
Catacombs,Lost Adventurer (Superior),153,VI,2800000,8400,196,1%,"Cannot pull out its bow, use its sword ability, or heal up once low on health."
Catacombs,Lost Adventurer (Superior),153,VII,2800000,8400,196,1%,"Cannot pull out its bow, use its sword ability, or heal up once low on health."
Catacombs,Lost Adventurer (Superior),153,VI,112000000,280000,6720,1%,"Cannot pull out its bow, use its sword ability, or heal up once low on health."
Catacombs,Lost Adventurer (Superior),153,VII,112000000,280000,6720,1%,"Cannot pull out its bow, use its sword ability, or heal up once low on health."
Catacombs,Frozen Adventurer,154,VI,2600000,8400,194,1%,"Cannot pull out its bow, use its sword ability, or heal up once low on health. Cannot use its Ice Spray ability and cannot strike enemies with lightning."
Catacombs,Frozen Adventurer,154,VII,2600000,8400,194,1%,"Cannot pull out its bow, use its sword ability, or heal up once low on health. Cannot use its Ice Spray ability and cannot strike enemies with lightning."
Catacombs,Frozen Adventurer,154,VI,134000000,280000,6940,1%,"Cannot pull out its bow, use its sword ability, or heal up once low on health. Cannot use its Ice Spray ability and cannot strike enemies with lightning."
Catacombs,Frozen Adventurer,154,VII,134000000,280000,6940,1%,"Cannot pull out its bow, use its sword ability, or heal up once low on health. Cannot use its Ice Spray ability and cannot strike enemies with lightning."
Catacombs,Angry Archaeologist,160,VI,420000,8400,172,1%,"Cannot pull out its bow, use its sword ability, or heal up once low on health."
Catacombs,Angry Archaeologist,160,VII,420000,8400,172,1%,"Cannot pull out its bow, use its sword ability, or heal up once low on health."
Catacombs,Shadow Assassin,160,VI,4200000,8640,215,1%,Completely invisible except for its iron sword. Cannot teleport.
Catacombs,King Midas,160,VI,2100000,9600,213,1%,"Cannot use the Gold Wave ability and does not retain its damage reduction passive, causing it to take full damage."
Catacombs,Lost Adventurer (Young),160,VII,6600000,16000,386,1%,"Cannot pull out its bow, use its sword ability, or heal up once low on health."
Catacombs,King Midas,160,VI (Master),22400000,140000,3024,1%,"Cannot use the Gold Wave ability and does not retain its damage reduction passive, causing it to take full damage."
Catacombs,Angry Archaeologist,160,VI,12000000,184000,3800,1%,"Cannot pull out its bow, use its sword ability, or heal up once low on health."
Catacombs,Angry Archaeologist,160,VII,12000000,184000,3800,1%,"Cannot pull out its bow, use its sword ability, or heal up once low on health."
Catacombs,Lost Adventurer (Young),160,VII (Master),150000000,240000,6300,1%,"Cannot pull out its bow, use its sword ability, or heal up once low on health."
Catacombs,Shadow Assassin,160,VI (Master),124000000,400000,9240,1%,Completely invisible except for its iron sword. Cannot teleport.
Catacombs,Lost Adventurer (Unstable),161,VII,6600000,16000,386,1%,"Cannot pull out its bow, use its sword ability, or heal up once low on health."
Catacombs,Lost Adventurer (Unstable),161,VII (Master),150000000,240000,6300,1%,"Cannot pull out its bow, use its sword ability, or heal up once low on health."
Catacombs,Lost Adventurer (Holy),162,VII,6600000,16000,386,1%,"Cannot pull out its bow, use its sword ability, or heal up once low on health."
Catacombs,Lost Adventurer (Holy),162,VII,150000000,240000,6300,1%,"Cannot pull out its bow, use its sword ability, or heal up once low on health."
Catacombs,Lost Adventurer (Superior),163,VII,7000000,17600,422,1%,"Cannot pull out its bow, use its sword ability, or heal up once low on health."
Catacombs,Lost Adventurer (Superior),163,VII (Master),160000000,240000,6400,1%,"Cannot pull out its bow, use its sword ability, or heal up once low on health."
Catacombs,Frozen Adventurer,164,VII,6600000,17600,418,1%,"Cannot pull out its bow, use its sword ability, or heal up once low on health. Cannot use its Ice Spray ability and cannot strike enemies with lightning."
Catacombs,Frozen Adventurer,164,VII (Master),160000000,240000,6400,1%,"Cannot pull out its bow, use its sword ability, or heal up once low on health. Cannot use its Ice Spray ability and cannot strike enemies with lightning."
Catacombs,Angry Archaeologist,170,VII,900000,17600,361,1%,"Cannot pull out its bow, use its sword ability, or heal up once low on health."
Catacombs,Shadow Assassin,170,VII,10000000,19200,484,1%,Completely invisible except for its iron sword. Cannot teleport.
Catacombs,King Midas,170,VII,4300000,20800,459,1%,"Cannot use the Gold Wave ability and does not retain its damage reduction passive, causing it to take full damage."
Catacombs,King Midas,170,VII (Master),35000000,152000,3390,1%,"Cannot use the Gold Wave ability and does not retain its damage reduction passive, causing it to take full damage."
Catacombs,Angry Archaeologist,170,VII (Master),18000000,184000,3860,1%,"Cannot pull out its bow, use its sword ability, or heal up once low on health."
Catacombs,Shadow Assassin,170,VII (Master),140000000,400000,9400,1%,Completely invisible except for its iron sword. Cannot teleport.
Catacombs,Shadow Assassin,171,VII,20000000,48000,1160,1%,Completely invisible except for its iron sword. Cannot teleport.
Catacombs,Shadow Assassin,171,VII (Master),145000000,400000,9450,1%,Completely invisible except for its iron sword. Cannot teleport.
Catacombs,Apostle,300,VII (Master),800000000,120000,10400,1%,
Kuudra,Explosive Imp,50,Basic,100000,2000,41,50%,
Kuudra,Kuudra Berserker,100,Basic,3000000,2000,70,1%,
Kuudra,Kuudra Landmine,100,Basic,8000000,3000,140,1%,
Kuudra,Wither Sentry,100,Basic,150000,4800,98,1%,
Kuudra,Kuudra Follower,100,Basic,4500000,5000,145,1%,
Kuudra,Blight,100,Basic,4000000,6000,160,1%,
Kuudra,Kuudra Berserker,200,Hot,3500000,2200,79,1%,
Kuudra,Kuudra Landmine,200,Hot,8500000,3000,145,1%,
Kuudra,Wither Sentry,200,Hot,150000,4800,98,1%,
Kuudra,Kuudra Follower,200,Hot,6500000,5500,175,1%,
Kuudra,Blight,200,Hot,4500000,6200,169,1%,
Kuudra,Kuudra Berserker,300,Burning,4000000,3000,100,1%,
Kuudra,Kuudra Landmine,300,Burning,9000000,3400,158,1%,
Kuudra,Wither Sentry,300,Burning,150000,4800,98,1%,
Kuudra,Kuudra Follower,300,Burning,8500000,5800,201,1%,
Kuudra,Blight,300,Burning,5000000,7000,190,1%,
Kuudra,Kuudra Berserker,400,Fiery,4500000,4000,125,1%,
Kuudra,Kuudra Landmine,400,Fiery,9500000,4200,179,1%,
Kuudra,Wither Sentry,400,Fiery,150000,4800,98,1%,
Kuudra,Kuudra Follower,400,Fiery,10500000,6000,225,1%,
Kuudra,Blight,400,Fiery,5500000,7800,211,1%,
Kuudra,Wither Sentry,500,Infernal,150000,2400,50,1%,
Kuudra,Kuudra Berserker,500,Infernal,5000000,5000,150,1%,
Kuudra,Kuudra Landmine,500,Infernal,10000000,5000,200,1%,
Kuudra,Kuudra Follower,500,Infernal,12500000,7000,265,1%,
Kuudra,Blight,500,Infernal,6000000,8600,232,1%,